type,length_mm,breadth_mm,thickness_mm,mass_g,raw_material
Folsom,16.65,10.86,2.27,0.5,Chert
Folsom,26.2,12.77,2.66,1.1,Chert
Midland,19.1,13.9,4.1,1.2,Chert
Folsom,21.1,14.1,3.1,1.3,Chert
Folsom,23.27,13.46,3.14,1.3,Chalcedony
Folsom,25.47,14.84,3.47,1.3,Quartzite
Folsom,26.43,15.1,3.01,1.3,Chert
Folsom,27.39,13.41,2.85,1.4,Chert
Midland,21.0,15.9,3.9,1.4,Chert
Midland,26.13,14.37,3.27,1.4,Chert
Midland,27.62,12.51,3.89,1.4,Quartz
Folsom,24.87,15.96,2.77,1.5,Chalcedony
Folsom,26.68,15.72,3.27,1.5,Chert
Folsom,27.5,17.5,2.7,1.5,Chert
Folsom,27.38,16.58,2.86,1.6,Chert
Folsom,30.6,15.7,3.5,1.6,Chert
Folsom,28.08,17.59,3.13,1.7,Chert
Folsom,28.33,15.72,3.36,1.7,Chert
Folsom,30.97,15.8,3.16,1.7,Chert
Midland,29.33,16.96,3.32,1.8,Chert
Clovis,26.56,15.97,4.19,1.86,Chert
Midland,26.39,15.63,3.89,1.9,Chert
Midland,26.5,17.8,3.9,1.9,Chert
Midland,28.2,16.3,3.3,1.9,Chert
Folsom,27.68,15.99,4.11,2.0,Chert
Folsom,32.89,13.25,3.53,2.0,Chert
Midland,24.78,17.54,3.91,2.0,Chalcedony
Folsom,21.69,20.49,3.59,2.1,Silicified Wood
Folsom,30.76,18.16,3.2,2.1,Chert
Folsom,30.9,18.7,3.48,2.1,Chert
Folsom,28.87,17.46,3.46,2.2,Chert
Folsom,34.4,19.1,3.37,2.2,Chert
Midland,31.45,18.28,3.27,2.2,Chert
Clovis,37.64,13.93,3.87,2.3,Chert
Folsom,27.9,21.0,3.85,2.3,Chalcedony
Folsom,28.4,17.39,4.14,2.3,Chert
Folsom,30.48,15.75,3.68,2.3,Chert
Folsom,42.8,20.5,4.5,2.3,Chert
Midland,35.24,15.47,3.78,2.3,Chert
Folsom,26.7,18.09,3.63,2.4,Chalcedony
Folsom,29.6,19.5,3.8,2.4,Chert
Midland,28.99,17.48,4.29,2.4,Chert
Clovis,31.78,17.29,3.92,2.5,Chert
Folsom,29.06,17.67,3.96,2.5,Chert
Midland,28.49,18.48,3.89,2.5,Chalcedony
Midland,28.5,17.15,4.11,2.5,Chert
Midland,32.72,19.19,3.44,2.5,Chert
Clovis,30.6,16.25,4.8,2.56,Quartz
Eastern Clovis,33.39,11.89,6.14,2.58,Chert
Folsom,31.89,18.15,3.7,2.6,Chert
Midland,36.25,17.51,3.44,2.6,Silicified Wood
Folsom,29.43,18.61,4.11,2.7,Chert
Folsom,30.14,19.55,3.64,2.7,Chert
Folsom,40.45,18.3,3.73,2.7,Quartzite
Midland,29.0,17.3,4.5,2.7,Chert
Clovis,27.94,17.69,5.95,2.73,Chert
Folsom,30.23,18.51,4.37,2.8,Chert
Folsom,34.8,18.6,3.76,2.8,Chert
Folsom,35.35,20.52,4.04,2.8,Chert
Folsom,36.08,19.65,3.82,2.8,Silicified Wood
Folsom,46.51,14.53,3.53,2.8,Chert
Midland,32.65,18.0,4.57,2.8,Chert
Midland,36.1,16.4,4.25,2.8,Chert
Midland,45.88,15.43,3.62,2.8,Chalcedony
Folsom,35.15,18.67,3.74,2.9,Chert
Midland,30.51,18.3,4.8,2.9,Chert
Folsom,36.5,20.4,4.02,3.0,Chert
Midland,40.27,18.27,3.14,3.0,Chert
Midland,46.24,18.03,3.04,3.0,Chert
Folsom,30.2,20.2,4.2,3.1,Chert
Folsom,32.06,20.12,4.41,3.1,Chert
Folsom,35.13,17.75,4.43,3.1,Chalcedony
Folsom,32.45,19.75,4.08,3.2,Chert
Folsom,35.7,20.89,4.14,3.2,Chalcedony
Midland,40.2,18.0,4.0,3.2,Chert
Clovis,43.78,18.38,4.3,3.3,Chert
Folsom,34.2,20.73,4.15,3.3,Chalcedony
Folsom,35.38,22.46,3.85,3.3,Chert
Folsom,38.5,18.5,4.0,3.3,Chert
Folsom,44.39,18.48,3.3,3.3,Chalcedony
Midland,35.69,21.53,3.67,3.3,Chert
Midland,38.11,17.3,4.48,3.3,Chert
Folsom,33.14,18.55,4.76,3.4,Chert
Folsom,36.2,20.0,3.9,3.4,Chert
Folsom,39.39,15.38,4.05,3.4,Chalcedony
Eastern Clovis,42.1,17.42,5.07,3.48,Chert
Folsom,37.44,17.82,4.01,3.5,Chert
Folsom,39.7,19.49,4.4,3.5,Chert
Folsom,41.93,18.55,4.7,3.5,Chert
Midland,30.93,19.19,4.66,3.5,Silicified Wood
Midland,38.0,18.3,4.1,3.5,Chert
Clovis,33.8,18.92,5.45,3.52,Chert
Clovis,33.8,18.92,5.42,3.6,Chert
Folsom,44.3,18.5,3.2,3.6,Chert
Folsom,50.33,17.13,3.61,3.6,Chert
Midland,34.93,17.49,4.82,3.6,Chert
Midland,40.18,18.91,4.0,3.6,Chert
Midland,40.33,17.61,4.45,3.6,Chert
Eastern Clovis,35.54,19.7,6.72,3.7,Chert
Folsom,36.7,22.4,4.25,3.7,Chert
Folsom,38.93,17.89,4.54,3.7,Chalcedony
Folsom,34.83,24.35,4.27,3.8,Chert
Folsom,36.5,19.2,4.65,3.8,Chert
Folsom,36.66,21.9,3.74,3.8,Chert
Folsom,37.17,17.61,5.45,3.8,Chert
Folsom,38.17,24.34,4.03,3.8,Chert
Midland,37.3,19.0,4.4,3.8,Chert
Midland,37.42,20.18,4.78,3.8,Chert
Folsom,30.92,25.05,4.19,3.9,Chalcedony
Folsom,31.17,22.68,4.58,3.9,Chalcedony
Folsom,39.55,21.54,4.31,3.9,Chert
Folsom,41.65,21.3,3.82,3.9,Silicified Wood
Folsom,49.53,19.58,3.67,3.9,Chert
Midland,42.11,19.03,4.26,3.9,Chert
Folsom,38.1,24.2,4.79,3.92,Chalcedony
Folsom,40.69,19.74,4.29,4.0,Chert
Folsom,46.88,20.77,3.84,4.0,Chert
Midland,44.56,18.76,4.13,4.0,Chert
Midland,44.59,21.39,3.73,4.0,Chert
Eastern Clovis,33.57,19.22,6.1,4.08,Chert
Clovis,38.66,18.63,5.6,4.1,Chert
Folsom,34.03,21.44,4.37,4.1,Chalcedony
Folsom,43.86,17.39,4.78,4.1,Chert
Midland,42.57,20.5,4.02,4.1,Chert
Clovis,35.27,17.16,7.38,4.16,Quartz
Folsom,36.55,21.99,3.73,4.2,Chert
Folsom,42.8,17.8,4.3,4.2,Chert
Eastern Clovis,38.87,21.57,6.17,4.3,Chert
Folsom,38.4,24.72,3.67,4.3,Chalcedony
Folsom,40.06,19.83,4.65,4.3,Chalcedony
Folsom,43.22,24.34,4.38,4.3,Chert
Folsom,59.6,22.9,5.6,4.3,Chert
Folsom,37.74,20.39,4.49,4.4,Chert
Folsom,40.74,22.19,4.19,4.5,Chalcedony
Folsom,46.6,23.9,4.08,4.5,Chert
Midland,39.4,22.14,4.71,4.5,Chert
Midland,50.74,20.95,3.56,4.5,Chert
Folsom,43.8,22.3,4.02,4.6,Chert
Folsom,44.65,23.71,3.59,4.6,Chert
Folsom,46.54,20.01,3.99,4.6,Chert
Midland,51.38,19.53,4.17,4.6,Chert
Midland,57.5,16.5,4.6,4.6,Chert
Folsom,35.51,23.25,5.59,4.7,Chert
Eastern Clovis,34.18,19.78,7.73,4.78,Chert
Folsom,39.7,18.88,5.69,4.8,Chert
Folsom,41.51,22.29,3.89,4.8,Chert
Folsom,41.6,22.71,4.27,4.8,Chert
Folsom,42.29,22.12,4.12,4.8,Chert
Folsom,49.5,19.9,4.15,4.8,Chert
Midland,41.29,19.53,5.53,4.8,Chert
Eastern Clovis,46.64,17.96,6.13,4.82,Chert
Eastern Clovis,39.99,18.61,6.29,4.84,Chert
Folsom,40.55,20.18,5.6,4.9,Chert
Midland,46.3,20.5,4.55,4.9,Chert
Folsom,43.35,19.64,4.32,5.0,Chalcedony
Folsom,44.21,21.62,4.11,5.0,Chalcedony
Folsom,42.29,20.48,4.52,5.1,Chalcedony
Folsom,42.74,21.59,5.06,5.1,Chert
Folsom,45.71,23.05,4.41,5.1,Chert
Folsom,40.94,24.39,4.94,5.2,Chert
Folsom,45.25,24.48,4.33,5.2,Chert
Midland,55.71,19.35,4.14,5.2,Chert
Midland,57.44,20.51,4.06,5.2,Chert
Folsom,38.26,23.03,4.89,5.3,Chert
Folsom,45.63,20.88,4.58,5.3,Chert
Folsom,45.97,22.94,3.97,5.3,Chert
Folsom,50.1,21.2,4.77,5.3,Chert
Midland,44.83,21.47,4.8,5.3,Chert
Midland,52.4,22.22,4.56,5.3,Chert
Midland,53.86,19.42,4.62,5.3,Chalcedony
Eastern Clovis,33.09,21.21,7.81,5.37,Chert
Folsom,44.1,24.29,3.98,5.4,Chert
Midland,50.44,20.64,4.56,5.4,Chert
Midland,36.76,27.74,5.4,5.5,Chert
Clovis,37.07,22.94,6.31,5.6,Chert
Midland,45.54,23.84,4.55,5.6,Chert
Midland,50.74,23.37,4.48,5.7,Chert
Folsom,40.2,23.17,5.58,5.8,Quartzite
Eastern Clovis,42.28,23.6,6.14,5.82,Chert
Folsom,39.82,25.33,5.15,5.9,Chert
Clovis,48.53,22.33,5.17,6.0,Chert
Folsom,62.0,22.0,4.0,6.0,Chert
Midland,61.54,19.58,4.43,6.0,Chert
Folsom,52.9,21.5,5.06,6.1,Chert
Midland,57.53,18.7,4.44,6.1,Chert
Eastern Clovis,41.24,20.69,6.12,6.14,Chert
Clovis,51.89,21.48,5.13,6.2,Chert
Folsom,48.3,22.21,4.54,6.2,Chalcedony
Midland,48.52,22.71,4.98,6.2,Chert
Midland,54.35,21.04,4.5,6.2,Chert
Folsom,45.79,26.82,4.76,6.3,Chert
Folsom,50.27,23.95,4.21,6.3,Chalcedony
Midland,50.66,23.56,4.53,6.3,Chert
Clovis,41.83,22.23,6.31,6.37,Obsidian
Eastern Clovis,36.52,22.78,7.15,6.41,Chert
Eastern Clovis,36.66,24.73,6.46,6.46,Chert
Folsom,43.59,22.34,5.2,6.5,Chert
Eastern Clovis,42.0,20.66,6.79,6.68,Chert
Folsom,50.33,26.48,4.78,6.7,Chert
Eastern Clovis,44.16,24.22,6.04,6.9,Chert
Midland,59.8,20.8,4.77,6.9,Chert
Clovis,46.59,20.62,6.74,6.97,Quartz
Folsom,60.42,22.94,4.56,7.0,Chert
Eastern Clovis,42.31,23.5,6.53,7.17,Chert
Eastern Clovis,48.91,21.8,6.45,7.18,Chert
Midland,61.69,22.18,5.06,7.3,Chert
Folsom,54.8,26.5,4.51,7.4,Chert
Folsom,50.46,22.88,4.94,7.5,Silicified Wood
Eastern Clovis,46.83,21.31,6.67,7.54,Chert
Clovis,44.73,25.16,6.9,7.7,Chert
Midland,67.59,21.14,4.21,7.7,Chert
Eastern Clovis,52.21,23.2,6.62,7.72,Chert
Clovis,57.05,21.94,6.52,7.8,Chert
Clovis,57.06,21.96,6.62,7.8,Chert
Midland,45.5,24.9,6.0,7.8,Chert
Clovis,49.77,25.15,6.26,7.91,Chert
Folsom,68.85,21.86,4.54,8.0,Silicified Wood
Midland,60.02,30.53,5.64,8.0,Chert
Clovis,67.78,20.69,5.36,8.1,Chert
Eastern Clovis,45.13,23.75,8.78,8.25,Chert
Eastern Clovis,52.54,25.45,6.3,8.29,Chert
Folsom,59.61,23.09,6.73,8.6,Chert
Midland,61.8,23.68,5.08,8.6,Chert
Midland,68.0,25.3,4.99,8.6,Chert
Eastern Clovis,56.51,24.71,6.99,8.72,Chert
Eastern Clovis,42.36,24.11,6.86,8.85,Chert
Eastern Clovis,47.61,26.57,6.53,8.89,Chert
Eastern Clovis,52.35,23.02,7.06,8.92,Chert
Eastern Clovis,61.77,24.57,6.05,9.07,Chert
Eastern Clovis,53.35,25.45,5.91,9.08,Chert
Eastern Clovis,54.24,25.49,8.02,9.08,Chert
Clovis,44.98,25.49,7.14,9.2,Chert
Eastern Clovis,45.95,25.89,6.68,9.2,Chert
Eastern Clovis,52.6,23.75,7.76,9.38,Chert
Clovis,47.45,28.94,7.07,9.55,Chert
Clovis,47.29,26.24,7.31,9.6,Chert
Clovis,64.09,21.32,5.91,9.6,Chert
Eastern Clovis,58.98,24.74,5.9,9.6,Chert
Folsom,58.88,23.05,6.32,9.6,Chert
Folsom,59.15,23.9,5.0,9.6,Chert
Folsom,71.38,22.99,5.58,9.7,Chert
Eastern Clovis,59.12,25.14,5.6,9.9,Chert
Eastern Clovis,54.47,28.25,6.37,9.98,Chert
Eastern Clovis,52.54,28.99,6.75,10.13,Chert
Eastern Clovis,56.8,23.85,8.42,10.32,Chert
Eastern Clovis,60.13,24.94,8.27,10.49,Chert
Clovis,55.51,24.64,7.19,10.51,Chalcedony
Eastern Clovis,47.64,28.58,6.81,10.52,Chert
Clovis,57.81,23.7,7.64,10.84,Chert
Eastern Clovis,55.06,27.07,7.55,10.96,Chert
Eastern Clovis,57.77,25.77,7.51,11.05,Chert
Eastern Clovis,53.62,27.84,6.53,11.06,Chert
Clovis,51.15,28.27,7.19,11.11,Chert
Eastern Clovis,67.35,26.24,5.45,11.22,Chert
Eastern Clovis,47.11,28.68,6.69,11.34,Chert
Eastern Clovis,62.88,25.12,6.6,11.41,Chert
Eastern Clovis,51.01,27.68,6.75,11.56,Chert
Folsom,74.6,24.19,5.58,11.7,Chert
Eastern Clovis,47.19,27.58,9.39,11.74,Chert
Clovis,66.15,32.84,5.02,12.23629324053146,Chalcedony
Eastern Clovis,52.36,25.77,7.89,12.26,Chert
Eastern Clovis,70.57,25.05,6.49,12.48,Chert
Eastern Clovis,66.65,23.15,7.45,12.66,Chert
Eastern Clovis,61.37,29.02,7.74,12.74,Chert
Eastern Clovis,66.5,26.25,7.4,12.81,Chert
Eastern Clovis,64.19,23.59,7.58,12.85,Chert
Clovis,56.75,23.71,8.68,13.1,Quartzite
Eastern Clovis,60.4,28.05,6.46,13.27,Chert
Eastern Clovis,65.93,27.35,6.0,13.57,Chert
Eastern Clovis,61.92,28.62,8.66,13.69,Chert
Clovis,56.69,28.44,9.06,14.15,Chalcedony
Eastern Clovis,58.25,27.94,8.31,14.19,Chert
Eastern Clovis,65.48,29.46,6.85,14.34,Chert
Clovis,77.23,26.48,6.25,14.341586446965612,Agate
Eastern Clovis,59.64,28.95,8.21,14.89,Chert
Clovis,71.58,26.02,8.09,15.52,Chert
Clovis,61.86,30.98,7.58,15.55,Chert
Eastern Clovis,62.08,28.23,7.76,15.74,Chert
Clovis,67.66,28.52,8.31,16.73,Chert
Clovis,77.99,26.64,7.5,16.8,Chert
Clovis,68.78,30.52,7.14,16.817369822938,Chert
Eastern Clovis,78.6,26.5,9.5,17.23,Chert
Clovis,74.04,28.18,7.8,17.27,Chert
Eastern Clovis,68.88,28.63,8.54,17.57,Chert
Clovis,64.58,26.34,9.08,17.71,Quartzite
Clovis,93.66,26.3,6.55,18.7,Agate
Clovis,68.0,31.71,8.46,18.75,Chert
Clovis,75.13,33.6,6.86,19.3,Chert
Folsom,71.3,33.9,8.1,20.1,Chert
Clovis,80.92,29.59,8.13,20.6,Chert
Eastern Clovis,76.68,30.91,9.16,21.01,Indeterminate
Clovis,77.81,29.01,8.05,21.04,Chalcedony
Clovis,104.55,26.13,6.8,21.2,Chert
Clovis,78.0,28.5,9.0,21.3,Chert
Eastern Clovis,91.21,28.4,7.15,21.42,Chert
Clovis,91.67,30.67,8.06,22.0,Chert
Clovis,74.71,29.14,9.38,23.18,Indeterminate
Clovis,92.3,31.48,6.72,23.7,Agate
Eastern Clovis,86.69,30.18,8.06,23.85,Chert
Clovis,79.86,36.94,7.29,23.9,Chert
Clovis,94.25,31.02,7.45,24.43951523029172,Agate
Clovis,96.35,29.97,8.06,25.04,Chert
Clovis,82.67,29.36,9.77,25.21,Chert
Clovis,71.78,33.1,9.68,25.43,Chert
Clovis,85.7,34.44,7.95,26.0,Quartz
Clovis,72.14,35.92,9.76,26.57,Chert
Clovis,82.54,37.73,7.65,28.0,Chert
Clovis,99.07,33.23,7.24,28.2,Quartz
Clovis,107.58,35.2,6.87,29.19067264347597,Chalcedony
Clovis,90.51,34.78,8.57,29.2,Chert
Clovis,96.19,33.61,8.09,29.3,Chert
Clovis,101.62,31.89,8.01,29.4,Quartz
Clovis,115.62,33.78,6.99,31.4,Agate
Clovis,83.1,33.98,9.62,31.47,Chert
Clovis,95.98,36.61,8.18,32.4,Chert
Clovis,95.98,36.61,8.18,32.4,Chert
Clovis,109.56,38.03,8.08,32.5,Obsidian
Folsom,92.7,36.34,8.77,32.5,Chert
Clovis,106.47,37.8,7.21,32.6,Chert
Clovis,94.68,31.26,9.94,33.28,Chert
Clovis,97.32,34.12,8.31,33.4,Chert
Clovis,107.9,37.14,8.21,36.3,Agate
Clovis,123.56,34.2,7.56,38.6,Agate
Clovis,130.35,27.85,9.26,39.5,Chert
Clovis,110.96,36.6,8.73,40.73,Chert
Clovis,134.23,38.41,7.27,41.7,Agate
Clovis,118.6,37.66,8.58,43.7,Chert
Clovis,117.24,34.9,9.68,44.59,Chert
Clovis,151.5,35.93,7.94,49.8,Chert
Clovis,144.21,34.4,8.68,51.6,Chert
Clovis,152.09,36.44,9.03,56.153902115015775,Chalcedony
Clovis,159.7,39.49,8.13,62.4,Chert
Clovis,159.7,39.49,8.13,62.4,Chert
Clovis,150.48,40.62,8.56,62.9,Chert
Clovis,164.67,39.53,8.24,64.2,Chert
Clovis,144.33,45.1,10.17,68.7,Agate
Clovis,183.63,37.49,9.07,72.1,Chert
Clovis,183.63,37.49,9.07,72.1,Chert
Clovis,141.0,47.95,9.65,74.8,Agate
Clovis,141.32,43.39,9.66,74.8,Agate
Clovis,183.86,39.4,8.71,76.2,Chert
Clovis,183.86,39.4,8.71,76.2,Chert
Clovis,147.83,49.11,10.24,78.7,Agate
Clovis,153.03,46.26,9.29,79.8,Chert
Clovis,137.7,48.9,11.7,85.9,Agate
Clovis,153.65,50.93,11.18,98.7,Agate
Clovis,167.61,57.9,12.3,129.7,Agate
Clovis,213.8,53.96,11.64,157.2,Agate
Clovis,209.0,58.0,11.9,162.7,Agate
Clovis,216.5,60.7,12.2,178.1,Agate
Clovis,192.9,63.17,13.67,183.7,Agate
Clovis,221.07,64.35,10.58,195.1,Chalcedony
Clovis,230.49,62.01,11.35,196.2,Chalcedony
Clovis,21.9,18.1,4.3,,Quartz
Clovis,22.0,13.0,4.0,,Chert
Clovis,26.8,21.3,5.5,,Chert
Clovis,27.7,18.6,5.7,,Rhyolite
Clovis,28.4,18.0,6.6,,Chert
Clovis,29.0,13.0,5.0,,Metavolcanic
Clovis,29.0,17.2,5.0,,Chert
Clovis,29.3,19.0,5.2,,Quartz
Clovis,29.4,18.1,5.3,,Chert
Clovis,30.0,19.0,4.8,,Chert
Clovis,30.6,21.6,5.6,,Chert
Clovis,31.0,20.0,6.0,,Metavolcanic
Clovis,31.7,15.0,6.1,,Quartz
Clovis,32.0,17.0,5.0,,Chert
Clovis,32.0,18.0,5.0,,Chert
Clovis,32.0,22.0,6.0,,Quartz
Clovis,32.0,23.0,4.0,,Chert
Clovis,32.0,26.0,6.0,,Chert
Clovis,32.68,23.25,7.24,,Chert
Clovis,32.7,20.3,5.7,,Indeterminate
Clovis,33.0,18.0,6.0,,Chalcedony
Clovis,33.0,19.0,5.0,,Chert
Clovis,33.8,21.4,5.9,,Quartz
Clovis,34.0,20.0,8.0,,Quartzite
Clovis,34.0,21.0,7.0,,Quartz
Clovis,34.0,24.0,7.0,,Metavolcanic
Clovis,34.0,25.0,6.0,,Chert
Clovis,34.0,26.0,7.0,,Metavolcanic
Clovis,34.4,21.0,5.4,,Metavolcanic
Clovis,34.8,19.0,5.0,,Chert
Clovis,34.9,21.4,4.8,,Chert
Clovis,35.0,19.0,7.0,,Quartz
Clovis,35.0,21.0,6.0,,Chert
Clovis,35.0,23.0,7.0,,Chert
Clovis,35.48,22.66,6.47,,Chert
Clovis,35.9,24.6,6.0,,Quartzite
Clovis,36.0,18.0,5.0,,Metavolcanic
Clovis,36.0,19.0,6.0,,Chert
Clovis,36.0,21.0,5.7,,Chert
Clovis,36.4,17.7,5.9,,Chert
Clovis,36.4,23.0,4.3,,Metavolcanic
Clovis,36.6,18.8,5.8,,Chert
Clovis,36.7,20.2,5.6,,Metavolcanic
Clovis,37.0,21.0,6.0,,Chert
Clovis,37.0,21.0,6.0,,Chert
Clovis,37.0,23.0,6.0,,Chert
Clovis,37.0,24.0,6.0,,Chert
Clovis,37.2,16.5,4.4,,Chert
Clovis,37.2,22.0,7.1,,Indeterminate
Clovis,37.85,15.75,5.28,,Chert
Clovis,38.0,19.0,3.0,,Metavolcanic
Clovis,38.0,22.0,6.0,,Chalcedony
Clovis,38.0,22.0,6.0,,Quartz
Clovis,38.4,18.0,6.7,,Metavolcanic
Clovis,38.5,23.2,6.4,,Chert
Clovis,39.0,17.0,6.0,,Metavolcanic
Clovis,39.0,18.0,6.0,,Chert
Clovis,39.0,18.0,6.0,,Chert
Clovis,39.0,19.0,5.0,,Chert
Clovis,39.0,20.0,5.0,,Chert
Clovis,39.0,21.0,6.8,,Chert
Clovis,39.0,21.0,7.0,,Chert
Clovis,39.0,21.0,5.0,,Quartz
Clovis,39.0,23.0,7.0,,Chert
Clovis,39.5,22.9,5.0,,Indeterminate
Clovis,39.5,23.1,5.7,,Quartz
Clovis,39.7,17.3,7.13,,Quartz
Clovis,39.7,21.6,6.5,,Rhyolite
Clovis,39.9,24.7,6.1,,Metavolcanic
Clovis,40.0,22.7,5.6,,Chert
Clovis,40.3,23.0,4.7,,Chert
Clovis,40.9,25.5,7.0,,Chert
Clovis,41.0,17.5,6.45,,Chert
Clovis,41.0,20.0,6.0,,Chert
Clovis,41.0,21.0,5.9,,Chert
Clovis,41.0,21.0,6.0,,Chert
Clovis,41.0,21.0,7.0,,Quartz
Clovis,41.0,24.0,8.0,,Chert
Clovis,41.0,24.0,6.0,,Jasper
Clovis,41.4,21.0,6.4,,Jasper
Clovis,41.4,24.8,7.0,,Metavolcanic
Clovis,42.0,21.0,5.0,,Chert
Clovis,42.0,22.0,5.0,,Chalcedony
Clovis,42.0,22.0,6.0,,Chert
Clovis,42.0,23.0,6.0,,Chert
Clovis,42.0,24.0,6.0,,Chert
Clovis,42.0,24.0,8.0,,Chert
Clovis,42.0,25.0,6.0,,Chert
Clovis,42.3,25.8,6.7,,Chert
Clovis,42.7,24.1,5.7,,Chert
Clovis,42.7,24.1,5.8,,Chert
Clovis,42.9,24.1,7.8,,Chert
Clovis,42.9,25.7,5.3,,Chert
Clovis,43.0,18.0,7.0,,Chert
Clovis,43.0,18.0,5.0,,Metavolcanic
Clovis,43.0,19.0,7.0,,Chalcedony
Clovis,43.0,21.0,4.0,,Metavolcanic
Clovis,43.0,23.0,6.0,,Chert
Clovis,43.0,23.0,7.0,,Chert
Clovis,43.0,23.0,7.0,,Chert
Clovis,43.0,23.0,7.0,,Quartz
Clovis,43.0,23.4,5.8,,Chert
Clovis,43.0,24.0,6.0,,Metavolcanic
Clovis,43.0,24.0,7.0,,Metavolcanic
Clovis,43.0,25.0,6.0,,Chert
Clovis,43.1,21.3,7.0,,Chert
Clovis,43.12,21.97,5.41,,Chert
Clovis,43.3,21.7,5.6,,Chert
Clovis,43.6,20.0,6.6,,Rhyolite
Clovis,43.7,22.5,7.9,,Metavolcanic
Clovis,43.8,20.0,8.7,,Metavolcanic
Clovis,43.9,20.1,8.1,,Indeterminate
Clovis,43.9,23.0,6.7,,Metavolcanic
Clovis,44.0,18.0,4.0,,Chert
Clovis,44.0,19.0,6.0,,Metavolcanic
Clovis,44.0,21.0,6.0,,Chert
Clovis,44.0,22.0,5.0,,Chalcedony
Clovis,44.0,22.0,6.0,,Metavolcanic
Clovis,44.0,23.0,5.0,,Chert
Clovis,44.0,23.0,6.0,,Chert
Clovis,44.0,23.0,7.0,,Chert
Clovis,44.0,24.0,7.0,,Chert
Clovis,44.0,25.7,6.9,,Chert
Clovis,44.0,26.0,8.5,,Indeterminate
Clovis,44.0,27.0,6.0,,Chert
Clovis,44.2,24.3,6.5,,Chert
Clovis,44.2,25.7,5.5,,Chert
Clovis,44.3,16.1,7.0,,Quartz
Clovis,44.4,25.3,6.4,,Chert
Clovis,44.5,21.6,5.5,,Chert
Clovis,44.8,16.2,5.1,,Chert
Clovis,45.0,17.4,5.0,,Rhyolite
Clovis,45.0,21.0,6.0,,Chert
Clovis,45.0,21.0,6.0,,Chert
Clovis,45.0,21.0,7.0,,Chert
Clovis,45.0,21.0,7.0,,Chert
Clovis,45.0,22.0,6.0,,Chert
Clovis,45.0,23.0,6.0,,Chert
Clovis,45.0,23.0,6.0,,Quartzite
Clovis,45.0,25.0,7.0,,Quartz
Clovis,45.0,28.0,9.0,,Chert
Clovis,45.0,30.0,7.0,,Chert
Clovis,45.1,22.7,5.2,,Metavolcanic
Clovis,45.1,24.5,7.0,,Sandstone
Clovis,45.1,27.4,6.5,,Chert
Clovis,45.2,24.8,5.7,,Chert
Clovis,45.2,26.0,5.4,,Chert
Clovis,45.2,26.1,6.5,,Chert
Clovis,45.2,29.0,7.8,,Chert
Clovis,45.22,22.43,7.38,,Chert
Clovis,45.3,25.5,5.5,,Chert
Clovis,45.36,22.03,5.83,,Chert
Clovis,45.5,26.1,5.9,,Chert
Clovis,45.9,21.1,6.3,,Chert
Clovis,46.0,22.0,7.0,,Chert
Clovis,46.0,23.0,6.0,,Chert
Clovis,46.0,24.0,9.0,,Chert
Clovis,46.0,25.0,6.0,,Chert
Clovis,46.0,25.0,7.0,,Chert
Clovis,46.0,26.0,6.0,,Indeterminate
Clovis,46.0,29.0,9.0,,Chalcedony
Clovis,46.3,20.8,6.8,,Chert
Clovis,46.3,22.1,6.2,,Chert
Clovis,46.32,24.36,6.53,,Chert
Clovis,46.5,25.7,7.5,,Chert
Clovis,46.6,27.3,5.4,,Chert
Clovis,46.7,24.0,7.0,,Metavolcanic
Clovis,46.7,25.8,5.1,,Chert
Clovis,46.7,28.0,8.2,,Chert
Clovis,46.8,22.3,6.8,,Metavolcanic
Clovis,47.0,22.0,7.0,,Chert
Clovis,47.0,23.0,6.0,,Chert
Clovis,47.0,23.0,8.0,,Quartz
Clovis,47.0,24.0,8.0,,Chert
Clovis,47.0,25.0,7.0,,Chert
Clovis,47.0,25.4,7.7,,Chert
Clovis,47.0,26.0,7.0,,Quartz
Clovis,47.2,26.3,6.1,,Quartzite
Clovis,47.3,27.0,8.1,,Chert
Clovis,47.47,24.66,6.92,,Chert
Clovis,47.5,25.0,9.2,,Chert
Clovis,47.8,22.4,5.9,,Quartz
Clovis,48.0,23.0,7.0,,Chert
Clovis,48.0,23.0,8.0,,Chert
Clovis,48.0,24.0,8.0,,Chert
Clovis,48.0,25.0,7.0,,Chert
Clovis,48.0,26.0,9.0,,Quartz
Clovis,48.0,28.5,6.0,,Chert
Clovis,48.3,26.9,5.2,,Chert
Clovis,48.5,23.4,7.3,,Chert
Clovis,48.65,23.71,6.38,,Chert
Clovis,48.8,21.7,6.6,,Chert
Clovis,48.8,25.0,7.0,,Indeterminate
Clovis,48.95,25.43,9.02,,Chert
Clovis,49.0,23.0,8.0,,Chert
Clovis,49.0,23.9,6.4,,Indeterminate
Clovis,49.0,24.0,6.0,,Indeterminate
Clovis,49.0,27.0,6.0,,Chert
Clovis,49.22,24.03,6.33,,Chert
Clovis,49.38,24.28,6.1,,Chert
Clovis,49.6,19.2,7.0,,Indeterminate
Clovis,49.6,28.7,7.8,,Chalcedony
Clovis,50.0,19.0,6.0,,Chert
Clovis,50.0,22.0,5.0,,Chert
Clovis,50.0,23.0,6.0,,Chert
Clovis,50.0,23.0,8.0,,Metavolcanic
Clovis,50.0,24.0,12.0,,Chert
Clovis,50.0,25.0,7.0,,Metavolcanic
Clovis,50.0,25.0,7.0,,Metavolcanic
Clovis,50.0,25.0,7.0,,Metavolcanic
Clovis,50.0,26.0,6.0,,Chalcedony
Clovis,50.0,26.0,6.0,,Chert
Clovis,50.0,26.0,6.0,,Quartz
Clovis,50.0,27.0,9.0,,Chert
Clovis,50.0,27.0,5.0,,Indeterminate
Clovis,50.0,28.0,6.0,,Chert
Clovis,50.0,28.0,5.0,,Indeterminate
Clovis,50.0,29.0,7.0,,Chert
Clovis,50.0,29.0,9.0,,Chert
Clovis,50.1,22.2,6.0,,Indeterminate
Clovis,50.2,25.1,7.3,,Chert
Clovis,50.4,17.0,5.8,,Chert
Clovis,50.4,19.7,7.7,,Quartz
Clovis,50.4,29.0,6.1,,Chert
Clovis,50.5,23.5,7.4,,Chert
Clovis,50.8,21.2,7.1,,Chert
Clovis,50.9,24.9,6.0,,Quartzite
Clovis,51.0,21.0,7.0,,Chert
Clovis,51.0,22.0,5.0,,Chert
Clovis,51.0,22.0,6.0,,Chert
Clovis,51.0,22.0,7.0,,Chert
Clovis,51.0,22.9,7.7,,Chert
Clovis,51.0,23.0,7.0,,Chert
Clovis,51.0,24.0,4.0,,Rhyolite
Clovis,51.0,25.0,7.0,,Chert
Clovis,51.0,26.0,5.0,,Chert
Clovis,51.0,26.0,7.0,,Chert
Clovis,51.0,26.0,8.0,,Jasper
Clovis,51.0,26.3,5.7,,Quartzite
Clovis,51.0,27.0,6.0,,Chert
Clovis,51.0,27.0,9.0,,Quartzite
Clovis,51.3,27.6,6.8,,Indeterminate
Clovis,51.4,28.5,6.8,,Chert
Clovis,51.5,20.7,5.6,,Chert
Clovis,51.5,22.3,7.1,,Chert
Clovis,51.6,19.7,5.0,,Chert
Clovis,51.74,23.72,6.85,,Chert
Clovis,52.0,20.0,6.5,,Chert
Clovis,52.0,20.0,11.0,,Chert
Clovis,52.0,21.0,6.0,,Metavolcanic
Clovis,52.0,22.0,8.0,,Chert
Clovis,52.0,23.0,6.0,,Chert
Clovis,52.0,24.0,4.0,,Chert
Clovis,52.0,24.7,7.5,,Metavolcanic
Clovis,52.0,25.0,6.0,,Chert
Clovis,52.0,25.0,6.0,,Chert
Clovis,52.0,27.0,7.0,,Chert
Clovis,52.0,28.0,9.0,,Quartz
Clovis,52.0,29.0,8.0,,Chert
Clovis,52.0,32.0,9.0,,Chert
Clovis,52.3,24.1,7.0,,Indeterminate
Clovis,52.5,26.8,6.4,,Chert
Clovis,52.7,25.6,6.8,,Chert
Clovis,52.8,27.0,7.0,,Metavolcanic
Clovis,53.0,22.6,7.6,,Quartz
Clovis,53.0,24.5,7.5,,Rhyolite
Clovis,53.0,26.0,5.0,,Chert
Clovis,53.0,26.0,7.0,,Chert
Clovis,53.0,26.0,7.0,,Chert
Clovis,53.0,26.0,5.0,,Metavolcanic
Clovis,53.0,27.3,8.0,,Chert
Clovis,53.0,28.0,5.0,,Chert
Clovis,53.0,28.0,12.6,,Quartz
Clovis,53.0,29.0,7.0,,Jasper
Clovis,53.7,28.7,7.1,,Quartzite
Clovis,53.7,28.7,7.1,,Quartzite
Clovis,53.7,30.0,7.7,,Chert
Clovis,53.84,23.61,7.07,,Chert
Clovis,53.93,23.22,6.0,,Chert
Clovis,53.93,32.36,7.71,,Chert
Clovis,54.0,21.0,7.0,,Chert
Clovis,54.0,22.0,7.0,,Chert
Clovis,54.0,22.0,6.0,,Metavolcanic
Clovis,54.0,23.0,7.0,,Chert
Clovis,54.0,23.0,7.0,,Metavolcanic
Clovis,54.0,25.0,6.0,,Chert
Clovis,54.0,25.0,7.0,,Chert
Clovis,54.0,26.0,7.0,,Chert
Clovis,54.0,26.0,7.0,,Chert
Clovis,54.0,27.0,9.0,,Chert
Clovis,54.0,27.5,6.7,,Chert
Clovis,54.0,28.0,9.0,,Chert
Clovis,54.1,24.3,6.7,,Metavolcanic
Clovis,54.1,26.3,6.4,,Chert
Clovis,54.2,20.2,6.7,,Chert
Clovis,54.2,24.8,7.6,,Quartz
Clovis,54.3,25.0,7.3,,Metavolcanic
Clovis,54.3,28.5,6.4,,Chert
Clovis,54.6,26.5,4.6,,Chert
Clovis,54.76,23.51,6.58,,Chert
Clovis,54.9,28.9,5.7,,Chert
Clovis,55.0,19.0,6.0,,Chert
Clovis,55.0,21.0,6.0,,Chert
Clovis,55.0,23.0,5.0,,Chert
Clovis,55.0,23.0,6.0,,Metavolcanic
Clovis,55.0,24.0,6.0,,Chert
Clovis,55.0,24.0,7.0,,Chert
Clovis,55.0,24.0,5.0,,Metavolcanic
Clovis,55.0,25.0,7.0,,Chert
Clovis,55.0,25.0,7.0,,Chert
Clovis,55.0,25.0,7.0,,Metavolcanic
Clovis,55.0,25.9,7.4,,Chert
Clovis,55.0,27.0,5.0,,Chert
Clovis,55.0,27.0,7.0,,Chert
Clovis,55.1,25.9,4.8,,Indeterminate
Clovis,55.3,27.8,7.0,,Chert
Clovis,55.4,21.4,7.0,,Sandstone
Clovis,55.5,26.7,6.5,,Chert
Clovis,56.0,24.0,8.5,,Chert
Clovis,56.0,24.0,6.0,,Indeterminate
Clovis,56.0,26.0,8.0,,Chert
Clovis,56.0,28.0,7.0,,Metavolcanic
Clovis,56.0,29.0,8.0,,Chert
Clovis,56.0,32.0,9.0,,Chert
Clovis,57.0,21.0,8.0,,Chert
Clovis,57.0,24.0,7.0,,Chert
Clovis,57.0,25.0,6.0,,Chert
Clovis,57.0,25.0,9.0,,Chert
Clovis,57.0,26.0,7.0,,Chert
Clovis,57.0,27.0,4.0,,Chert
Clovis,57.0,28.0,7.0,,Chert
Clovis,57.1,31.1,6.1,,Chert
Clovis,57.32,21.52,8.21,,Indeterminate
Clovis,57.5,28.7,7.9,,Chert
Clovis,57.6,29.4,5.8,,Chert
Clovis,57.9,21.5,8.0,,Indeterminate
Clovis,58.0,22.0,6.0,,Chert
Clovis,58.0,22.0,7.0,,Chert
Clovis,58.0,23.0,8.0,,Chert
Clovis,58.0,25.0,6.0,,Chert
Clovis,58.0,28.0,8.0,,Chert
Clovis,58.0,29.0,7.0,,Chert
Clovis,58.0,29.0,7.0,,Chert
Clovis,58.0,29.0,7.0,,Chert
Clovis,58.0,30.0,7.0,,Chert
Clovis,58.0,30.0,7.0,,Chert
Clovis,58.0,30.0,9.0,,Chert
Clovis,58.0,30.0,11.0,,Chert
Clovis,58.2,33.0,5.9,,Chert
Clovis,59.0,21.3,7.5,,Chert
Clovis,59.0,23.0,7.0,,Chert
Clovis,59.0,24.0,5.0,,Chert
Clovis,59.0,26.0,7.0,,Chert
Clovis,59.0,27.0,6.0,,Chert
Clovis,59.0,27.0,7.5,,Chert
Clovis,59.0,27.0,7.5,,Chert
Clovis,59.0,28.0,9.0,,Chert
Clovis,59.0,29.0,8.0,,Chert
Clovis,59.0,30.5,8.0,,Chert
Clovis,59.0,31.0,9.0,,Chert
Clovis,59.0,31.9,8.0,,Quartzite
Clovis,59.1,26.7,7.6,,Chert
Clovis,59.2,23.2,7.2,,Chert
Clovis,59.3,27.8,6.1,,Chert
Clovis,59.4,23.6,6.7,,Metavolcanic
Clovis,59.6,30.5,8.2,,Chert
Clovis,60.0,20.0,5.0,,Chert
Clovis,60.0,20.0,6.0,,Chert
Clovis,60.0,23.2,6.5,,Indeterminate
Clovis,60.0,24.0,7.0,,Metavolcanic
Clovis,60.0,25.0,7.0,,Chert
Clovis,60.0,26.0,7.0,,Chert
Clovis,60.0,26.0,8.0,,Chert
Clovis,60.0,27.0,8.0,,Chert
Clovis,60.0,27.0,8.0,,Chert
Clovis,60.0,27.0,10.0,,Chert
Clovis,60.0,29.0,8.0,,Chert
Clovis,60.0,29.0,8.0,,Rhyolite
Clovis,60.0,30.0,6.0,,Chert
Clovis,60.0,30.0,6.0,,Chert
Clovis,60.07,28.28,7.04,,Chert
Clovis,60.1,25.9,7.4,,Quartzite
Clovis,60.9,26.3,10.9,,Indeterminate
Clovis,61.0,24.0,7.3,,Metavolcanic
Clovis,61.0,25.0,6.0,,Metavolcanic
Clovis,61.0,25.7,6.0,,Chert
Clovis,61.0,26.0,7.0,,Chert
Clovis,61.0,26.0,8.0,,Chert
Clovis,61.0,26.0,7.0,,Rhyolite
Clovis,61.0,26.9,7.7,,Sandstone
Clovis,61.0,28.0,6.0,,Chert
Clovis,61.0,28.0,7.0,,Chert
Clovis,61.0,28.0,9.0,,Chert
Clovis,61.0,31.4,6.8,,Chert
Clovis,61.0,31.4,6.8,,Chert
Clovis,61.0,35.0,9.0,,Chert
Clovis,61.3,31.2,8.7,,Chert
Clovis,61.32,21.1,6.44,,Chert
Clovis,61.47,25.05,7.41,,Chert
Clovis,61.54,26.2,3.14,,Chert
Clovis,61.8,28.0,7.6,,Chert
Clovis,61.94,22.45,5.96,,Chert
Clovis,62.0,22.0,6.5,,Chert
Clovis,62.0,22.0,8.0,,Chert
Clovis,62.0,23.0,7.0,,Chert
Clovis,62.0,23.0,7.0,,Chert
Clovis,62.0,24.42,7.7,,Chert
Clovis,62.0,25.0,5.0,,Chert
Clovis,62.0,26.0,7.0,,Chert
Clovis,62.0,26.0,8.0,,Chert
Clovis,62.0,26.0,6.0,,Metavolcanic
Clovis,62.0,26.0,7.0,,Quartz
Clovis,62.0,27.0,6.0,,Chert
Clovis,62.0,27.0,8.0,,Chert
Clovis,62.0,27.0,5.0,,Metavolcanic
Clovis,62.0,28.0,8.0,,Chert
Clovis,62.0,29.0,9.4,,Chert
Clovis,62.3,24.5,8.4,,Metavolcanic
Clovis,62.3,25.0,7.5,,Chert
Clovis,62.5,26.5,6.2,,Chert
Clovis,62.6,26.1,6.9,,Chert
Clovis,62.6,29.1,6.0,,Chert
Clovis,62.72,25.48,5.63,,Chert
Clovis,63.0,25.7,7.7,,Chert
Clovis,63.0,26.0,6.0,,Chert
Clovis,63.0,26.0,7.0,,Chert
Clovis,63.0,26.0,8.0,,Chert
Clovis,63.0,29.0,8.0,,Chert
Clovis,63.5,31.5,7.9,,Chert
Clovis,63.91,29.46,5.27,,Chert
Clovis,63.99,22.38,4.91,,Indeterminate
Clovis,64.0,23.0,7.0,,Chert
Clovis,64.0,24.0,8.0,,Chert
Clovis,64.0,27.0,7.0,,Chert
Clovis,64.0,30.0,7.0,,Chert
Clovis,64.2,20.5,9.0,,Indeterminate
Clovis,64.59,24.53,5.59,,Chert
Clovis,65.0,20.0,3.0,,Chert
Clovis,65.0,26.0,7.0,,Chert
Clovis,65.0,27.7,10.4,,Chert
Clovis,65.0,28.0,8.0,,Quartzite
Clovis,65.18,26.76,9.92,,Chert
Clovis,65.3,26.0,8.9,,Metavolcanic
Clovis,65.5,28.2,8.6,,Rhyolite
Clovis,65.6,26.9,7.4,,Metavolcanic
Clovis,66.0,25.0,8.0,,Chert
Clovis,66.0,25.0,9.0,,Chert
Clovis,66.0,26.0,8.0,,Chert
Clovis,66.0,28.0,7.0,,Chert
Clovis,66.0,30.0,8.0,,Quartz
Clovis,66.2,28.0,7.0,,Chert
Clovis,66.75,28.6,8.8,,Chert
Clovis,67.0,23.0,10.0,,Chert
Clovis,67.0,24.0,6.0,,Chert
Clovis,67.0,25.0,6.0,,Metavolcanic
Clovis,67.0,26.0,7.0,,Chert
Clovis,67.0,26.0,8.0,,Chert
Clovis,67.0,27.0,6.0,,Quartzite
Clovis,67.0,28.0,4.0,,Chert
Clovis,67.0,29.0,7.0,,Chert
Clovis,67.0,29.0,7.0,,Chert
Clovis,67.0,30.0,8.0,,Chert
Clovis,67.0,30.0,7.5,,Sandstone
Clovis,67.23,26.51,6.31,,Chert
Clovis,67.7,27.0,6.4,,Quartzite
Clovis,67.88,26.11,7.61,,Chert
Clovis,67.97,31.72,7.38,,Chert
Clovis,68.0,23.0,6.0,,Chert
Clovis,68.0,25.0,6.0,,Chert
Clovis,68.0,25.0,7.0,,Chert
Clovis,68.0,25.2,7.2,,Chert
Clovis,68.0,25.7,6.0,,Chert
Clovis,68.0,26.0,6.0,,Chert
Clovis,68.0,26.0,8.0,,Chert
Clovis,68.0,26.0,8.0,,Chert
Clovis,68.0,28.0,7.0,,Chert
Clovis,68.05,31.99,8.14,,Chert
Clovis,68.8,29.5,8.2,,Chert
Clovis,68.9,23.5,8.0,,Chert
Clovis,69.0,19.0,5.0,,Metavolcanic
Clovis,69.0,25.0,6.0,,Chert
Clovis,69.0,25.0,7.0,,Chert
Clovis,69.0,25.0,7.0,,Chert
Clovis,69.0,26.0,6.0,,Chert
Clovis,69.0,28.0,9.0,,Chert
Clovis,69.0,29.0,7.0,,Chert
Clovis,69.0,31.0,8.0,,Chalcedony
Clovis,69.2,30.02,10.0,,Chert
Clovis,69.81,31.8,6.73,,Chert
Clovis,69.95,31.46,8.41,,Chert
Clovis,70.0,24.0,7.0,,Chert
Clovis,70.0,25.0,7.0,,Chert
Clovis,70.0,28.0,8.0,,Chert
Clovis,70.0,29.0,8.0,,Chert
Clovis,70.0,30.0,8.0,,Chert
Clovis,70.0,31.0,8.0,,Chert
Clovis,70.0,32.0,8.0,,Chert
Clovis,70.4,33.3,8.1,,Indeterminate
Clovis,70.5,28.0,8.3,,Chert
Clovis,71.0,25.0,7.0,,Chert
Clovis,71.0,26.0,8.0,,Chert
Clovis,71.0,26.0,9.0,,Chert
Clovis,71.0,28.0,7.0,,Chert
Clovis,71.0,30.0,7.0,,Chert
Clovis,71.0,32.0,7.0,,Metavolcanic
Clovis,72.0,30.0,6.0,,Chert
Clovis,72.0,31.0,6.0,,Chert
Clovis,72.0,31.0,7.0,,Chert
Clovis,72.0,31.0,8.0,,Chert
Clovis,72.0,32.0,7.0,,Chert
Clovis,72.0,32.0,8.0,,Quartz
Clovis,72.7,27.1,6.2,,Chert
Clovis,73.0,27.0,8.0,,Chert
Clovis,73.0,27.0,8.0,,Chert
Clovis,73.0,28.0,8.0,,Chert
Clovis,73.0,29.0,8.0,,Chert
Clovis,73.0,29.0,8.0,,Chert
Clovis,73.0,30.0,9.0,,Chert
Clovis,73.0,33.0,9.0,,Chert
Clovis,73.3,23.8,7.0,,Indeterminate
Clovis,73.73,27.05,7.88,,Chert
Clovis,73.75,24.4,7.72,,Chert
Clovis,73.97,24.95,8.22,,Chert
Clovis,74.0,25.0,6.0,,Chert
Clovis,74.0,25.0,7.0,,Chert
Clovis,74.0,25.0,7.0,,Metavolcanic
Clovis,74.0,25.0,8.0,,Metavolcanic
Clovis,74.0,26.0,6.0,,Chert
Clovis,74.0,28.0,9.0,,Chert
Clovis,74.0,32.0,7.0,,Chert
Clovis,74.4,25.6,8.2,,Chert
Clovis,74.85,24.2,8.0,,Chert
Clovis,75.0,19.0,6.0,,Metavolcanic
Clovis,75.0,25.0,7.0,,Chert
Clovis,75.0,26.0,8.0,,Chert
Clovis,75.0,30.0,7.0,,Chert
Clovis,75.0,31.0,6.0,,Chert
Clovis,75.4,38.2,8.0,,Indeterminate
Clovis,75.47,30.57,7.65,,Chert
Clovis,75.5,31.2,7.8,,Chert
Clovis,76.0,26.0,7.0,,Chert
Clovis,76.0,27.0,7.0,,Chert
Clovis,76.0,30.0,8.0,,Chert
Clovis,76.0,34.0,9.0,,Metavolcanic
Clovis,76.2,27.0,8.3,,Chert
Clovis,76.3,27.0,6.4,,Chert
Clovis,76.3,28.1,8.5,,Chert
Clovis,76.44,29.8,7.71,,Chert
Clovis,76.77,26.6,7.38,,Chert
Clovis,77.0,24.0,7.0,,Chert
Clovis,77.0,27.0,8.0,,Chert
Clovis,77.0,28.0,7.0,,Chalcedony
Clovis,77.0,28.0,7.0,,Chert
Clovis,77.0,28.0,7.0,,Chert
Clovis,77.0,29.0,8.0,,Chert
Clovis,77.33,31.09,6.31,,Chert
Clovis,77.5,28.6,7.5,,Chert
Clovis,77.6,30.0,8.0,,Indeterminate
Clovis,77.65,29.21,8.8,,Chert
Clovis,77.8,25.9,8.2,,Chert
Clovis,77.8,29.3,6.3,,Chert
Clovis,78.0,24.0,8.0,,Chert
Clovis,78.0,27.0,8.0,,Chert
Clovis,78.0,30.0,8.0,,Chert
Clovis,78.0,32.0,9.0,,Chert
Clovis,78.0,33.0,8.0,,Chert
Clovis,78.11,28.27,4.46,,Chert
Clovis,78.3,32.7,8.3,,Chert
Clovis,78.4,28.6,8.2,,Metavolcanic
Clovis,78.61,19.38,6.91,,Chert
Clovis,78.9,28.8,9.0,,Chert
Clovis,79.0,25.0,8.0,,Chert
Clovis,79.0,27.0,9.0,,Indeterminate
Clovis,79.0,30.0,9.0,,Chert
Clovis,79.0,31.0,7.0,,Chert
Clovis,79.0,32.0,8.6,,Chert
Clovis,79.4,26.2,10.0,,Indeterminate
Clovis,79.9,29.0,7.9,,Metavolcanic
Clovis,80.0,27.0,7.0,,Chert
Clovis,80.0,29.0,7.0,,Chert
Clovis,80.0,29.0,9.0,,Chert
Clovis,80.6,28.0,9.0,,Indeterminate
Clovis,80.8,29.0,8.5,,Metavolcanic
Clovis,81.0,31.0,9.5,,Chert
Clovis,81.1,33.0,7.7,,Indeterminate
Clovis,81.81,26.69,6.26,,Chert
Clovis,82.0,27.0,7.0,,Chert
Clovis,82.0,28.0,7.0,,Chert
Clovis,82.0,28.0,8.0,,Chert
Clovis,82.0,29.0,8.0,,Sandstone
Clovis,82.12,28.09,7.61,,Chert
Clovis,83.0,28.0,7.0,,Chert
Clovis,83.0,28.5,7.1,,Chert
Clovis,83.0,29.0,8.0,,Chert
Clovis,83.0,39.0,7.0,,Chert
Clovis,83.94,28.09,5.9,,Chert
Clovis,84.0,24.0,8.0,,Chert
Clovis,84.0,27.0,8.0,,Chert
Clovis,84.0,27.0,8.0,,Chert
Clovis,84.0,30.0,8.0,,Chert
Clovis,84.0,31.0,8.0,,Chert
Clovis,84.0,31.0,9.0,,Chert
Clovis,84.6,30.3,6.4,,Chert
Clovis,85.0,29.0,7.0,,Chert
Clovis,85.0,30.0,8.0,,Jasper
Clovis,85.0,32.0,8.0,,Metavolcanic
Clovis,86.0,28.0,6.0,,Chert
Clovis,86.0,28.0,8.0,,Chert
Clovis,86.37,26.58,7.33,,Chert
Clovis,86.5,31.0,7.2,,Rhyolite
Clovis,86.64,27.08,8.13,,Chert
Clovis,86.82,25.9,6.73,,Chert
Clovis,87.0,31.0,9.0,,Chert
Clovis,87.0,32.0,9.0,,Chert
Clovis,87.0,32.0,10.0,,Chert
Clovis,87.0,38.0,8.0,,Chert
Clovis,87.53,32.6,8.28,,Indeterminate
Clovis,87.74,27.06,7.16,,Chert
Clovis,87.84,34.67,9.67,,Chert
Clovis,87.85,30.26,7.69,,Chert
Clovis,88.0,29.0,9.0,,Chert
Clovis,88.0,31.0,7.0,,Chert
Clovis,89.42,29.36,7.01,,Chert
Clovis,89.5,28.3,5.8,,Quartzite
Clovis,90.0,25.5,10.5,,Indeterminate
Clovis,90.0,26.2,8.0,,Indeterminate
Clovis,90.0,27.0,9.0,,Chert
Clovis,90.0,28.0,9.0,,Chert
Clovis,90.0,29.0,8.0,,Chert
Clovis,90.0,30.0,9.0,,Chert
Clovis,90.0,38.0,7.0,,Chert
Clovis,90.5,30.5,9.0,,Chert
Clovis,90.6,30.3,8.0,,Indeterminate
Clovis,91.0,28.0,6.0,,Chert
Clovis,91.0,29.0,8.0,,Metavolcanic
Clovis,91.0,30.0,9.0,,Chert
Clovis,91.0,32.0,9.0,,Chert
Clovis,91.5,31.8,7.2,,Chert
Clovis,91.8,28.0,10.0,,Indeterminate
Clovis,92.0,27.0,9.0,,Chert
Clovis,92.0,30.0,8.0,,Chert
Clovis,92.0,30.0,9.0,,Indeterminate
Clovis,92.0,30.0,8.0,,Metavolcanic
Clovis,92.0,33.0,9.0,,Chert
Clovis,92.0,34.0,7.0,,Chert
Clovis,92.54,26.9,6.54,,Chert
Clovis,92.6,28.5,8.4,,Chert
Clovis,94.0,29.0,10.0,,Chert
Clovis,94.0,40.0,8.0,,Chert
Clovis,94.78,29.11,6.22,,Chert
Clovis,95.0,32.0,9.0,,Jasper
Clovis,95.0,39.0,10.0,,Chert
Clovis,95.0,40.0,9.0,,Chert
Clovis,95.5,38.38,6.62,,Chert
Clovis,96.0,27.0,7.0,,Chert
Clovis,96.0,30.0,9.0,,Chert
Clovis,96.0,36.0,8.0,,Chert
Clovis,97.0,28.0,6.0,,Chert
Clovis,97.07,33.09,8.19,,Chert
Clovis,97.6,32.7,7.8,,Chert
Clovis,97.7,33.0,7.8,,Metavolcanic
Clovis,98.0,33.0,8.0,,Chert
Clovis,98.0,38.2,8.3,,Chert
Clovis,98.9,35.5,7.6,,Chert
Clovis,99.0,30.0,8.0,,Chert
Clovis,99.2,32.4,6.6,,Chert
Clovis,99.5,29.87,4.87,,Chert
Clovis,100.57,37.85,9.55,,Chert
Clovis,101.0,30.0,11.0,,Chert
Clovis,101.0,33.0,8.0,,Chert
Clovis,101.0,36.0,8.0,,Chert
Clovis,101.1,31.5,7.7,,Chert
Clovis,101.59,26.8,7.76,,Chert
Clovis,103.0,33.0,8.0,,Chert
Clovis,103.57,32.15,5.79,,Chert
Clovis,104.0,34.0,10.0,,Chert
Clovis,104.0,36.0,8.0,,Chert
Clovis,104.2,34.0,9.0,,Indeterminate
Clovis,105.0,45.0,9.0,,Chert
Clovis,105.3,35.6,7.9,,Chert
Clovis,105.4,29.5,9.2,,Chert
Clovis,105.7,24.0,7.5,,Chert
Clovis,106.0,30.0,4.0,,Chert
Clovis,106.0,42.0,10.0,,Chalcedony
Clovis,107.0,34.9,6.7,,Chert
Clovis,108.0,31.0,8.0,,Chert
Clovis,109.0,32.3,6.8,,Chert
Clovis,109.56,32.19,8.52,,Chert
Clovis,109.7,41.0,10.0,,Chert
Clovis,110.55,29.07,7.61,,Chert
Clovis,112.0,32.0,8.0,,Chert
Clovis,114.0,28.0,7.0,,Chert
Clovis,114.46,29.31,8.57,,Quartzite
Clovis,115.0,32.0,7.0,,Chert
Clovis,116.0,31.0,8.0,,Chert
Clovis,116.33,33.08,7.24,,Chert
Clovis,119.8,35.9,8.2,,Chert
Clovis,121.0,34.0,8.0,,Chert
Clovis,124.7,26.9,8.1,,Indeterminate
Clovis,125.0,33.0,6.0,,Chert
Clovis,128.3,37.0,7.9,,Metavolcanic
Clovis,130.0,32.0,9.0,,Chert
Clovis,131.0,40.0,8.0,,Metavolcanic
Clovis,131.07,32.92,7.8,,Chert
Clovis,133.8,39.7,10.1,,Metavolcanic
Clovis,139.0,53.0,7.0,,Chert
Clovis,154.0,39.0,9.0,,Chert
Clovis,182.37,48.56,8.19,,Chert
Clovis,197.0,53.0,6.0,,Chert
Eastern Clovis,27.5,17.5,4.5,,Chert
Eastern Clovis,27.5,18.0,4.5,,Chert
Eastern Clovis,29.0,16.5,5.0,,Chert
Eastern Clovis,29.5,15.0,4.25,,Chert
Eastern Clovis,30.5,17.0,6.0,,Chert
Eastern Clovis,33.0,19.5,8.5,,Chert
Eastern Clovis,33.0,20.0,6.0,,Chert
Eastern Clovis,33.0,22.0,6.0,,Chalcedony
Eastern Clovis,34.0,18.5,7.0,,Chert
Eastern Clovis,34.0,19.5,5.0,,Chert
Eastern Clovis,34.0,22.5,7.0,,Quartz
Eastern Clovis,34.0,25.0,7.0,,Quartz
Eastern Clovis,34.3,21.0,6.5,,Chert
Eastern Clovis,34.5,16.0,5.0,,Chert
Eastern Clovis,34.5,18.0,4.0,,Chert
Eastern Clovis,34.5,22.0,5.0,,Chert
Eastern Clovis,35.0,20.0,5.0,,Chert
Eastern Clovis,35.0,21.0,7.0,,Chert
Eastern Clovis,36.0,17.0,6.0,,Quartz
Eastern Clovis,36.0,20.0,4.0,,Jasper
Eastern Clovis,36.0,22.0,6.0,,Chert
Eastern Clovis,36.5,20.0,5.0,,Jasper
Eastern Clovis,37.2,19.4,5.5,,Indeterminate
Eastern Clovis,37.3,22.7,6.5,,Indeterminate
Eastern Clovis,38.0,20.0,3.0,,Chert
Eastern Clovis,38.0,20.0,6.0,,Chert
Eastern Clovis,38.5,25.0,7.3,,Chert
Eastern Clovis,38.5,26.0,8.0,,Chert
Eastern Clovis,39.0,21.0,6.0,,Chert
Eastern Clovis,39.0,22.0,5.0,,Chalcedony
Eastern Clovis,39.0,23.0,7.0,,Chalcedony
Eastern Clovis,39.0,23.0,6.0,,Jasper
Eastern Clovis,40.0,21.0,6.0,,Chert
Eastern Clovis,40.3,17.2,6.4,,Indeterminate
Eastern Clovis,40.3,21.9,8.0,,Indeterminate
Eastern Clovis,40.8,21.2,7.5,,Indeterminate
Eastern Clovis,41.0,19.0,8.0,,Jasper
Eastern Clovis,41.0,22.0,5.0,,Chert
Eastern Clovis,41.0,26.5,6.5,,Quartz
Eastern Clovis,42.0,19.0,5.0,,Chert
Eastern Clovis,42.0,20.5,7.0,,Chert
Eastern Clovis,42.0,26.0,6.0,,Chert
Eastern Clovis,42.2,26.0,7.5,,Indeterminate
Eastern Clovis,42.5,19.5,7.5,,Chert
Eastern Clovis,42.5,23.0,6.0,,Chert
Eastern Clovis,43.0,21.0,5.0,,Chalcedony
Eastern Clovis,43.0,21.0,7.0,,Quartzite
Eastern Clovis,43.0,21.0,8.0,,Quartzite
Eastern Clovis,43.0,23.5,6.0,,Chert
Eastern Clovis,43.0,25.0,7.0,,Chert
Eastern Clovis,43.0,26.0,6.5,,Chert
Eastern Clovis,43.5,20.0,7.0,,Chert
Eastern Clovis,44.0,23.0,5.5,,Jasper
Eastern Clovis,45.0,22.0,6.0,,Chert
Eastern Clovis,45.0,25.0,7.0,,Chert
Eastern Clovis,45.5,23.0,5.0,,Chert
Eastern Clovis,46.0,22.0,7.0,,Chert
Eastern Clovis,46.0,24.0,6.0,,Jasper
Eastern Clovis,46.0,24.5,6.5,,Jasper
Eastern Clovis,46.0,25.0,6.0,,Chert
Eastern Clovis,46.0,26.0,6.75,,Chalcedony
Eastern Clovis,47.0,21.0,5.0,,Chert
Eastern Clovis,47.0,21.0,7.0,,Chert
Eastern Clovis,47.0,24.0,6.0,,Chert
Eastern Clovis,47.0,24.5,6.0,,Chert
Eastern Clovis,47.0,28.0,6.5,,Jasper
Eastern Clovis,47.5,22.5,6.0,,Chert
Eastern Clovis,48.0,21.5,7.0,,Chert
Eastern Clovis,48.0,22.5,6.0,,Chert
Eastern Clovis,48.0,25.5,8.0,,Chert
Eastern Clovis,48.25,23.0,5.25,,Chert
Eastern Clovis,49.0,22.5,6.0,,Chert
Eastern Clovis,49.0,25.5,6.0,,Chalcedony
Eastern Clovis,50.0,21.5,8.0,,Chert
Eastern Clovis,50.0,23.5,4.0,,Chert
Eastern Clovis,50.0,25.0,7.0,,Chert
Eastern Clovis,51.0,23.0,8.0,,Chert
Eastern Clovis,51.5,27.0,7.0,,Chert
Eastern Clovis,52.0,20.0,6.5,,Chert
Eastern Clovis,52.0,22.0,9.0,,Chert
Eastern Clovis,52.0,23.0,6.5,,Chert
Eastern Clovis,52.0,28.0,7.0,,Chert
Eastern Clovis,52.5,23.0,5.0,,Chalcedony
Eastern Clovis,53.0,22.0,5.0,,Chert
Eastern Clovis,53.0,22.0,6.0,,Chert
Eastern Clovis,53.0,24.0,9.0,,Quartz
Eastern Clovis,53.0,25.0,6.0,,Chert
Eastern Clovis,53.0,27.0,8.0,,Chert
Eastern Clovis,54.0,22.0,7.0,,Jasper
Eastern Clovis,54.0,25.0,7.0,,Jasper
Eastern Clovis,54.0,27.0,6.5,,Chert
Eastern Clovis,55.0,24.0,7.0,,Chert
Eastern Clovis,55.0,24.0,7.0,,Jasper
Eastern Clovis,55.0,26.0,8.0,,Chert
Eastern Clovis,55.0,30.0,7.0,,Chert
Eastern Clovis,56.0,21.0,5.5,,Chert
Eastern Clovis,56.0,25.0,7.0,,Chert
Eastern Clovis,57.0,25.0,8.0,,Chert
Eastern Clovis,57.0,25.5,6.5,,Chert
Eastern Clovis,57.0,27.0,7.25,,Chert
Eastern Clovis,57.5,25.5,4.5,,Chert
Eastern Clovis,58.0,22.5,8.0,,Chert
Eastern Clovis,58.0,25.5,9.0,,Jasper
Eastern Clovis,58.0,27.0,6.5,,Chert
Eastern Clovis,58.0,27.0,4.0,,Jasper
Eastern Clovis,58.0,28.0,7.0,,Chert
Eastern Clovis,58.5,22.5,8.0,,Chert
Eastern Clovis,59.0,21.0,6.0,,Chert
Eastern Clovis,59.0,25.5,7.0,,Chert
Eastern Clovis,59.5,22.0,8.0,,Chert
Eastern Clovis,60.0,22.0,7.0,,Chert
Eastern Clovis,60.0,23.0,6.0,,Chert
Eastern Clovis,60.0,27.0,6.0,,Chert
Eastern Clovis,61.0,24.0,7.0,,Chert
Eastern Clovis,61.0,25.0,7.0,,Jasper
Eastern Clovis,61.0,28.0,6.0,,Chert
Eastern Clovis,61.5,27.0,6.0,,Chalcedony
Eastern Clovis,62.0,23.0,7.0,,Chert
Eastern Clovis,62.0,27.0,8.5,,Chert
Eastern Clovis,62.5,27.5,8.0,,Chert
Eastern Clovis,63.0,23.0,7.0,,Chert
Eastern Clovis,63.0,26.0,7.0,,Chert
Eastern Clovis,63.0,26.0,7.25,,Chert
Eastern Clovis,64.0,24.0,9.0,,Jasper
Eastern Clovis,64.0,29.0,7.5,,Chert
Eastern Clovis,64.0,29.0,5.0,,Jasper
Eastern Clovis,64.5,27.0,8.0,,Jasper
Eastern Clovis,65.0,25.0,6.0,,Chert
Eastern Clovis,66.0,27.3,8.0,,Chert
Eastern Clovis,66.0,29.0,6.0,,Chert
Eastern Clovis,66.0,32.5,5.5,,Chert
Eastern Clovis,66.5,28.0,8.0,,Chert
Eastern Clovis,67.0,23.5,7.5,,Chert
Eastern Clovis,67.0,24.5,8.0,,Chert
Eastern Clovis,67.0,25.0,6.0,,Chalcedony
Eastern Clovis,67.0,25.0,5.0,,Chert
Eastern Clovis,67.0,25.5,8.0,,Jasper
Eastern Clovis,67.0,28.0,7.5,,Jasper
Eastern Clovis,67.0,31.0,6.0,,Chert
Eastern Clovis,68.0,25.0,7.0,,Chert
Eastern Clovis,68.0,29.0,8.0,,Chert
Eastern Clovis,69.0,33.0,7.5,,Jasper
Eastern Clovis,70.0,25.0,7.0,,Jasper
Eastern Clovis,70.5,33.0,7.5,,Chert
Eastern Clovis,71.0,25.0,6.5,,Chert
Eastern Clovis,72.0,26.0,7.0,,Chert
Eastern Clovis,73.0,27.0,5.0,,Chert
Eastern Clovis,73.0,27.0,7.5,,Jasper
Eastern Clovis,73.0,29.0,7.0,,Jasper
Eastern Clovis,73.5,27.5,4.5,,Chert
Eastern Clovis,74.0,26.0,9.0,,Jasper
Eastern Clovis,75.0,27.5,9.5,,Jasper
Eastern Clovis,75.4,27.5,8.5,,Jasper
Eastern Clovis,79.5,35.0,8.0,,Chert
Eastern Clovis,80.0,29.0,8.0,,Jasper
Eastern Clovis,82.0,28.0,8.0,,Chert
Eastern Clovis,83.0,28.0,10.0,,Chert
Eastern Clovis,86.0,32.0,6.25,,Jasper
Eastern Clovis,89.0,30.0,4.5,,Chert
Eastern Clovis,92.0,31.0,6.0,,Chert
Eastern Clovis,93.0,32.0,8.5,,Jasper
Eastern Clovis,101.0,26.0,6.5,,Chert
Eastern Clovis,103.0,36.5,11.0,,Chert
Eastern Clovis,113.0,41.0,14.0,,Quartz
Eastern Clovis,151.0,35.0,9.5,,Jasper
Folsom,20.8,15.3,3.1,,Chert
Folsom,25.4,20.32,2.54,,Chert
Folsom,26.2,17.1,3.0,,Chert
Folsom,27.94,20.32,2.54,,Chert
Folsom,28.0,19.1,3.1,,Chert
Folsom,29.57,18.52,3.56,,Chert
Folsom,30.3,20.6,3.9,,Chert
Folsom,30.42,18.04,3.77,,Chert
Folsom,30.48,20.32,2.54,,Chert
Folsom,30.48,20.32,2.54,,Chert
Folsom,30.96,15.88,3.18,,Quartzite
Folsom,31.6,19.8,4.2,,Chert
Folsom,31.6,22.2,3.0,,Chert
Folsom,31.7,14.1,4.5,,Indeterminate
Folsom,31.75,17.46,3.18,,Chert
Folsom,32.1,17.0,3.0,,Chert
Folsom,32.2,18.4,3.1,,Chert
Folsom,32.32,18.74,4.59,,Indeterminate
Folsom,33.02,17.78,2.54,,Chert
Folsom,34.3,23.8,5.0,,Indeterminate
Folsom,34.93,21.43,3.18,,Chalcedony
Folsom,35.4,18.7,4.0,,Chert
Folsom,35.4,20.5,4.0,,Chert
Folsom,35.56,15.24,5.08,,Chert
Folsom,35.64,20.62,3.6,,Chert
Folsom,36.5,18.4,3.8,,Chert
Folsom,37.2,18.6,4.0,,Chert
Folsom,38.1,17.78,2.54,,Chert
Folsom,38.11,17.3,4.48,,Chert
Folsom,40.64,17.78,2.54,,Chert
Folsom,40.64,20.32,3.81,,Chert
Folsom,40.9,18.0,5.1,,Indeterminate
Folsom,42.2,22.6,3.9,,Chert
Folsom,42.4,17.4,5.4,,Chert
Folsom,42.57,20.5,4.02,,Chert
Folsom,43.89,22.16,5.03,,Quartzite
Folsom,44.83,21.47,4.8,,Chert
Folsom,46.2,20.62,4.46,,Chert
Folsom,46.2,21.0,3.2,,Chert
Folsom,47.8,24.7,5.5,,Indeterminate
Folsom,47.9,20.0,3.9,,Chert
Folsom,48.9,24.0,4.4,,Chert
Folsom,51.5,25.7,7.0,,Chert
Folsom,55.3,18.6,5.0,,Indeterminate
Folsom,56.0,22.0,4.5,,Chert
Folsom,56.2,24.15,3.91,,Indeterminate
Folsom,56.3,25.2,6.5,,Indeterminate
Folsom,59.1,23.1,6.8,,Chert
Folsom,60.4,19.3,6.8,,Chert
Folsom,63.0,27.8,5.75,,Chert
Folsom,68.98,24.57,5.34,,Chert
Folsom,72.3,28.0,6.5,,Indeterminate
Folsom,77.3,26.5,5.1,,Chert
Folsom,79.4,34.6,11.1,,Quartzite
